{
  "timestamp": "2026-03-20T15:41:26.092369",
  "run_id": "VerifiedRegression-servo__rust-url-537",
  "total_images": 1,
  "average_size_bytes": 1933697020.0,
  "average_size_mb": 1844.1171836853027,
  "average_size_gb": 1.8008956871926785,
  "images": {
    "servo__rust-url-537": {
      "size_bytes": 1933697020,
      "size_mb": 1844.12,
      "size_gb": 1.801
    }
  }
}