{
  "timestamp": "2026-03-20T13:26:30.016064",
  "run_id": "VerifiedRegression-pinojs__pino-pretty-434",
  "total_images": 1,
  "average_size_bytes": 1450880665.0,
  "average_size_mb": 1383.6676263809204,
  "average_size_gb": 1.3512379163876176,
  "images": {
    "pinojs__pino-pretty-434": {
      "size_bytes": 1450880665,
      "size_mb": 1383.67,
      "size_gb": 1.351
    }
  }
}