{
  "timestamp": "2026-03-20T08:41:17.455339",
  "run_id": "VerifiedRegression-uber-go__atomic-90",
  "total_images": 1,
  "average_size_bytes": 1817560643.0,
  "average_size_mb": 1733.3609037399292,
  "average_size_gb": 1.6927352575585246,
  "images": {
    "uber-go__atomic-90": {
      "size_bytes": 1817560643,
      "size_mb": 1733.36,
      "size_gb": 1.693
    }
  }
}