{
  "timestamp": "2026-03-20T09:11:10.763823",
  "run_id": "VerifiedRegression-servo__rust-url-537",
  "total_images": 1,
  "average_size_bytes": 1972727903.0,
  "average_size_mb": 1881.33993434906,
  "average_size_gb": 1.837246029637754,
  "images": {
    "servo__rust-url-537": {
      "size_bytes": 1972727903,
      "size_mb": 1881.34,
      "size_gb": 1.837
    }
  }
}