{
  "timestamp": "2026-03-20T13:48:58.812370",
  "run_id": "VerifiedRegression-cpputest__cpputest-1502",
  "total_images": 1,
  "average_size_bytes": 1239045338.0,
  "average_size_mb": 1181.645715713501,
  "average_size_gb": 1.1539508942514658,
  "images": {
    "cpputest__cpputest-1502": {
      "size_bytes": 1239045338,
      "size_mb": 1181.65,
      "size_gb": 1.154
    }
  }
}