{
  "timestamp": "2026-03-20T14:54:59.539387",
  "run_id": "VerifiedRegression-uber-go__atomic-90",
  "total_images": 1,
  "average_size_bytes": 1386715462.0,
  "average_size_mb": 1322.4749202728271,
  "average_size_gb": 1.2914794143289328,
  "images": {
    "uber-go__atomic-90": {
      "size_bytes": 1386715462,
      "size_mb": 1322.47,
      "size_gb": 1.291
    }
  }
}