{
  "timestamp": "2026-03-20T10:45:09.137928",
  "run_id": "VerifiedRegression-uber-go__atomic-90",
  "total_images": 1,
  "average_size_bytes": 1386709037.0,
  "average_size_mb": 1322.4687929153442,
  "average_size_gb": 1.2914734305813909,
  "images": {
    "uber-go__atomic-90": {
      "size_bytes": 1386709037,
      "size_mb": 1322.47,
      "size_gb": 1.291
    }
  }
}