{
  "timestamp": "2026-03-20T09:02:05.125123",
  "run_id": "VerifiedRegression-cpputest__cpputest-1502",
  "total_images": 1,
  "average_size_bytes": 1328279250.0,
  "average_size_mb": 1266.7458057403564,
  "average_size_gb": 1.2370564509183168,
  "images": {
    "cpputest__cpputest-1502": {
      "size_bytes": 1328279250,
      "size_mb": 1266.75,
      "size_gb": 1.237
    }
  }
}