{
  "timestamp": "2026-03-20T15:09:31.058822",
  "run_id": "VerifiedRegression-pinojs__pino-pretty-434",
  "total_images": 1,
  "average_size_bytes": 1413544176.0,
  "average_size_mb": 1348.060775756836,
  "average_size_gb": 1.316465601325035,
  "images": {
    "pinojs__pino-pretty-434": {
      "size_bytes": 1413544176,
      "size_mb": 1348.06,
      "size_gb": 1.316
    }
  }
}