{
  "timestamp": "2026-03-20T08:47:55.116128",
  "run_id": "VerifiedRegression-pinojs__pino-pretty-434",
  "total_images": 1,
  "average_size_bytes": 1450879340.0,
  "average_size_mb": 1383.6663627624512,
  "average_size_gb": 1.3512366823852062,
  "images": {
    "pinojs__pino-pretty-434": {
      "size_bytes": 1450879340,
      "size_mb": 1383.67,
      "size_gb": 1.351
    }
  }
}