{
  "timestamp": "2026-03-20T13:35:39.922222",
  "run_id": "VerifiedRegression-Spomky-Labs__otphp-166",
  "total_images": 1,
  "average_size_bytes": 710029362.0,
  "average_size_mb": 677.1367664337158,
  "average_size_gb": 0.6612663734704256,
  "images": {
    "Spomky-Labs__otphp-166": {
      "size_bytes": 710029362,
      "size_mb": 677.14,
      "size_gb": 0.661
    }
  }
}