{
  "timestamp": "2026-03-20T13:12:32.071244",
  "run_id": "VerifiedRegression-getlogbook__logbook-183",
  "total_images": 1,
  "average_size_bytes": 1038786282.0,
  "average_size_mb": 990.66379737854,
  "average_size_gb": 0.9674451146274805,
  "images": {
    "getlogbook__logbook-183": {
      "size_bytes": 1038786282,
      "size_mb": 990.66,
      "size_gb": 0.967
    }
  }
}