{
  "timestamp": "2026-03-20T11:10:11.972988",
  "run_id": "VerifiedRegression-cpputest__cpputest-1502",
  "total_images": 1,
  "average_size_bytes": 1280926907.0,
  "average_size_mb": 1221.5870923995972,
  "average_size_gb": 1.1929561449214816,
  "images": {
    "cpputest__cpputest-1502": {
      "size_bytes": 1280926907,
      "size_mb": 1221.59,
      "size_gb": 1.193
    }
  }
}