{
  "timestamp": "2026-03-20T08:30:31.024264",
  "run_id": "VerifiedRegression-getlogbook__logbook-183",
  "total_images": 1,
  "average_size_bytes": 1053883971.0,
  "average_size_mb": 1005.0620756149292,
  "average_size_gb": 0.9815059332177043,
  "images": {
    "getlogbook__logbook-183": {
      "size_bytes": 1053883971,
      "size_mb": 1005.06,
      "size_gb": 0.982
    }
  }
}