{
  "timestamp": "2026-03-20T14:46:54.267155",
  "run_id": "VerifiedRegression-getlogbook__logbook-183",
  "total_images": 1,
  "average_size_bytes": 1038784273.0,
  "average_size_mb": 990.6618814468384,
  "average_size_gb": 0.9674432436004281,
  "images": {
    "getlogbook__logbook-183": {
      "size_bytes": 1038784273,
      "size_mb": 990.66,
      "size_gb": 0.967
    }
  }
}