{
  "timestamp": "2026-03-20T11:16:16.612530",
  "run_id": "VerifiedRegression-servo__rust-url-537",
  "total_images": 1,
  "average_size_bytes": 1933577301.0,
  "average_size_mb": 1844.003010749817,
  "average_size_gb": 1.800784190185368,
  "images": {
    "servo__rust-url-537": {
      "size_bytes": 1933577301,
      "size_mb": 1844.0,
      "size_gb": 1.801
    }
  }
}