{
  "timestamp": "2026-03-20T15:35:34.567395",
  "run_id": "VerifiedRegression-cpputest__cpputest-1502",
  "total_images": 1,
  "average_size_bytes": 810131383.0,
  "average_size_mb": 772.6014928817749,
  "average_size_gb": 0.7544936453923583,
  "images": {
    "cpputest__cpputest-1502": {
      "size_bytes": 810131383,
      "size_mb": 772.6,
      "size_gb": 0.754
    }
  }
}