{
  "timestamp": "2026-03-20T15:18:35.352874",
  "run_id": "VerifiedRegression-Spomky-Labs__otphp-166",
  "total_images": 1,
  "average_size_bytes": 719926317.0,
  "average_size_mb": 686.5752382278442,
  "average_size_gb": 0.6704836310818791,
  "images": {
    "Spomky-Labs__otphp-166": {
      "size_bytes": 719926317,
      "size_mb": 686.58,
      "size_gb": 0.67
    }
  }
}