{
  "timestamp": "2026-03-20T10:36:02.489620",
  "run_id": "VerifiedRegression-getlogbook__logbook-183",
  "total_images": 1,
  "average_size_bytes": 1031378894.0,
  "average_size_mb": 983.5995616912842,
  "average_size_gb": 0.9605464469641447,
  "images": {
    "getlogbook__logbook-183": {
      "size_bytes": 1031378894,
      "size_mb": 983.6,
      "size_gb": 0.961
    }
  }
}