{
  "timestamp": "2026-03-06T10:51:07.920111",
  "run_id": "DockerAgent",
  "total_images": 1,
  "average_size_bytes": 1407071385.0,
  "average_size_mb": 1341.8878412246704,
  "average_size_gb": 1.3104373449459672,
  "images": {
    "pinojs__pino-pretty-434": {
      "size_bytes": 1407071385,
      "size_mb": 1341.89,
      "size_gb": 1.31
    }
  }
}