{
  "timestamp": "2026-03-18T12:18:25.976940",
  "run_id": "DockerAgent",
  "total_images": 1,
  "average_size_bytes": 1386706587.0,
  "average_size_mb": 1322.466456413269,
  "average_size_gb": 1.291471148841083,
  "images": {
    "uber-go__atomic-90": {
      "size_bytes": 1386706587,
      "size_mb": 1322.47,
      "size_gb": 1.291
    }
  }
}