{
  "timestamp": "2026-03-16T20:17:11.666562",
  "run_id": "DockerAgent",
  "total_images": 1,
  "average_size_bytes": 1018872689.0,
  "average_size_mb": 971.6727151870728,
  "average_size_gb": 0.9488991359248757,
  "images": {
    "uber-go__atomic-90": {
      "size_bytes": 1018872689,
      "size_mb": 971.67,
      "size_gb": 0.949
    }
  }
}