{
  "timestamp": "2026-03-20T12:58:40.602668",
  "run_id": "DockerAgent",
  "total_images": 1,
  "average_size_bytes": 709792921.0,
  "average_size_mb": 676.9112787246704,
  "average_size_gb": 0.661046170629561,
  "images": {
    "Spomky-Labs__otphp-166": {
      "size_bytes": 709792921,
      "size_mb": 676.91,
      "size_gb": 0.661
    }
  }
}