{
  "timestamp": "2026-03-09T17:51:36.542848",
  "run_id": "DockerAgent",
  "total_images": 1,
  "average_size_bytes": 1914027903.0,
  "average_size_mb": 1825.3592519760132,
  "average_size_gb": 1.7825773945078254,
  "images": {
    "servo__rust-url-138": {
      "size_bytes": 1914027903,
      "size_mb": 1825.36,
      "size_gb": 1.783
    }
  }
}