{
  "timestamp": "2026-03-01T10:04:31.699757",
  "run_id": "DockerAgent",
  "total_images": 1,
  "average_size_bytes": 1154202384.0,
  "average_size_mb": 1100.733169555664,
  "average_size_gb": 1.0749347358942032,
  "images": {
    "getlogbook__logbook-183": {
      "size_bytes": 1154202384,
      "size_mb": 1100.73,
      "size_gb": 1.075
    }
  }
}