{
  "timestamp": "2026-03-11T16:52:24.162747",
  "run_id": "DockerAgent",
  "total_images": 1,
  "average_size_bytes": 924605127.0,
  "average_size_mb": 881.772162437439,
  "average_size_gb": 0.8611056273803115,
  "images": {
    "getlogbook__logbook-183": {
      "size_bytes": 924605127,
      "size_mb": 881.77,
      "size_gb": 0.861
    }
  }
}