{
  "timestamp": "2026-03-20T13:18:52.417417",
  "run_id": "VerifiedRegression-uber-go__atomic-90",
  "total_images": 1,
  "average_size_bytes": 1434817121.0,
  "average_size_mb": 1368.3482370376587,
  "average_size_gb": 1.3362775752320886,
  "images": {
    "uber-go__atomic-90": {
      "size_bytes": 1434817121,
      "size_mb": 1368.35,
      "size_gb": 1.336
    }
  }
}