{
  "timestamp": "2026-03-20T13:54:43.113584",
  "run_id": "VerifiedRegression-servo__rust-url-537",
  "total_images": 1,
  "average_size_bytes": 1938608417.0,
  "average_size_mb": 1848.8010568618774,
  "average_size_gb": 1.8054697820916772,
  "images": {
    "servo__rust-url-537": {
      "size_bytes": 1938608417,
      "size_mb": 1848.8,
      "size_gb": 1.805
    }
  }
}