{
  "timestamp": "2026-03-20T10:53:59.339832",
  "run_id": "VerifiedRegression-pinojs__pino-pretty-434",
  "total_images": 1,
  "average_size_bytes": 1450880007.0,
  "average_size_mb": 1383.6669988632202,
  "average_size_gb": 1.3512373035773635,
  "images": {
    "pinojs__pino-pretty-434": {
      "size_bytes": 1450880007,
      "size_mb": 1383.67,
      "size_gb": 1.351
    }
  }
}